orden_id,shedule_date,status,orden_confirmation_date
PUR-ORD-2023-00973,2023-02-16,Completed,2023-03-02
PUR-ORD-2023-00972,2023-02-14,To Receive and Bill,2023-02-28
PUR-ORD-2023-00971,2023-02-13,To Receive and Bill,2023-02-27
PUR-ORD-2023-00970,2023-02-10,To Receive and Bill,2023-02-24
PUR-ORD-2023-00969,2023-02-08,To Receive and Bill,2023-02-22
PUR-ORD-2023-00968,2023-02-03,To Receive and Bill,2023-02-17
PUR-ORD-2023-00967,2023-01-30,To Receive and Bill,2023-02-13
PUR-ORD-2023-00966,2023-01-27,To Receive and Bill,2023-02-10
PUR-ORD-2023-00965,2023-01-25,To Receive and Bill,2023-02-08
PUR-ORD-2023-00964,2023-01-23,To Receive and Bill,2023-02-06
PUR-ORD-2023-00963,2023-01-20,To Receive and Bill,2023-02-03
PUR-ORD-2023-00962,2023-01-18,To Receive and Bill,2023-02-01
PUR-ORD-2023-00961,2023-01-16,To Receive and Bill,2023-01-30
PUR-ORD-2023-00960,2023-02-06,To Receive and Bill,2023-02-20
PUR-ORD-2023-00959,2023-02-02,To Receive and Bill,2023-02-16
PUR-ORD-2023-00958,2023-01-13,To Receive and Bill,2023-01-27
PUR-ORD-2023-00957,2023-01-11,To Receive and Bill,2023-01-25
PUR-ORD-2023-00956,2023-01-09,To Receive and Bill,2023-01-23
PUR-ORD-2023-00955,2023-01-05,To Receive and Bill,2023-01-19
PUR-ORD-2023-00954,2023-01-03,To Receive and Bill,2023-01-17
PUR-ORD-2023-00953,2022-02-17,To Receive and Bill,2022-03-17
PUR-ORD-2023-00952,2022-02-05,To Receive and Bill,2022-03-05
PUR-ORD-2023-00951,2022-04-13,To Receive and Bill,2022-05-13
PUR-ORD-2023-00950,2022-09-20,To Receive and Bill,2022-10-20
PUR-ORD-2023-00949,2022-10-06,To Receive and Bill,2022-11-06
PUR-ORD-2023-00948,2022-04-22,To Receive and Bill,2022-05-22
PUR-ORD-2023-00947,2022-11-05,To Receive and Bill,2022-12-05
PUR-ORD-2023-00946,2022-10-19,To Receive and Bill,2022-11-19
PUR-ORD-2023-00945,2022-08-08,To Receive and Bill,2022-09-08
PUR-ORD-2023-00944,2022-07-11,To Receive and Bill,2022-08-11
PUR-ORD-2023-00943,2022-05-12,To Receive and Bill,2022-06-12
PUR-ORD-2023-00942,2022-10-04,To Receive and Bill,2022-11-04
PUR-ORD-2023-00941,2022-08-08,To Receive and Bill,2022-09-08
PUR-ORD-2023-00940,2022-03-22,To Receive and Bill,2022-04-22
PUR-ORD-2023-00939,2022-03-10,To Receive and Bill,2022-04-10
PUR-ORD-2023-00938,2022-10-17,To Receive and Bill,2022-11-17
PUR-ORD-2023-00937,2022-08-02,To Receive and Bill,2022-09-02
PUR-ORD-2023-00936,2022-07-18,To Receive and Bill,2022-08-18
PUR-ORD-2023-00935,2022-05-16,To Receive and Bill,2022-06-16
PUR-ORD-2023-00934,2022-04-17,To Receive and Bill,2022-05-17
PUR-ORD-2023-00933,2022-03-12,To Receive and Bill,2022-04-12
PUR-ORD-2023-00932,2022-09-20,To Receive and Bill,2022-10-20
PUR-ORD-2023-00931,2022-01-05,To Receive and Bill,2022-02-05
PUR-ORD-2023-00930,2022-03-19,To Receive and Bill,2022-04-19
PUR-ORD-2023-00929,2022-02-08,To Receive and Bill,2022-03-08
PUR-ORD-2023-00928,2023-01-01,To Receive and Bill,2023-02-01
PUR-ORD-2023-00927,2019-05-17,To Receive and Bill,2019-06-17
PUR-ORD-2023-00926,2019-08-14,To Receive and Bill,2019-09-14
PUR-ORD-2023-00925,2019-03-03,To Receive and Bill,2019-04-03
PUR-ORD-2023-00924,2019-07-16,To Receive and Bill,2019-08-16
PUR-ORD-2023-00923,2019-04-02,To Receive and Bill,2019-05-02
PUR-ORD-2023-00922,2019-10-24,To Receive and Bill,2019-11-24
PUR-ORD-2023-00921,2019-07-23,To Receive and Bill,2019-08-23
PUR-ORD-2023-00920,2019-01-10,To Receive and Bill,2019-02-10
PUR-ORD-2023-00919,2019-04-25,To Receive and Bill,2019-05-25
PUR-ORD-2023-00918,2019-04-08,To Receive and Bill,2019-05-08
PUR-ORD-2023-00917,2019-09-09,To Receive and Bill,2019-10-09
PUR-ORD-2023-00916,2019-07-14,To Receive and Bill,2019-08-14
PUR-ORD-2023-00915,2019-06-14,To Receive and Bill,2019-07-14
PUR-ORD-2023-00914,2019-08-17,To Receive and Bill,2019-09-17
PUR-ORD-2023-00913,2019-09-21,To Receive and Bill,2019-10-21
PUR-ORD-2023-00912,2019-10-20,To Receive and Bill,2019-11-20
PUR-ORD-2023-00911,2019-05-06,To Receive and Bill,2019-06-06
PUR-ORD-2023-00910,2019-02-23,To Receive and Bill,2019-03-23
PUR-ORD-2023-00909,2019-03-26,To Receive and Bill,2019-04-26
PUR-ORD-2023-00908,2019-07-14,To Receive and Bill,2020-02-08
PUR-ORD-2023-00907,2020-09-16,To Receive and Bill,2020-10-16
PUR-ORD-2023-00906,2020-09-22,To Receive and Bill,2020-10-22
PUR-ORD-2023-00905,2020-07-07,To Receive and Bill,2020-08-07
PUR-ORD-2023-00904,2020-06-12,To Receive and Bill,2020-07-12
PUR-ORD-2023-00903,2020-05-16,To Receive and Bill,2020-06-16
PUR-ORD-2023-00902,2022-02-20,To Receive and Bill,2022-03-20
PUR-ORD-2023-00901,2022-01-19,To Receive and Bill,2022-02-19
PUR-ORD-2023-00900,2022-10-13,To Receive and Bill,2022-11-13
PUR-ORD-2023-00899,2022-08-07,To Receive and Bill,2022-09-07
PUR-ORD-2023-00898,2022-05-23,To Receive and Bill,2022-06-23
PUR-ORD-2023-00897,2022-04-11,To Receive and Bill,2022-05-11
PUR-ORD-2023-00896,2022-11-30,To Receive and Bill,2022-11-30
PUR-ORD-2023-00895,2022-08-08,To Receive and Bill,2022-09-08
PUR-ORD-2023-00894,2022-01-25,To Receive and Bill,2022-02-25
PUR-ORD-2023-00893,2020-06-09,To Receive and Bill,2020-07-09
PUR-ORD-2023-00892,2021-01-17,To Receive and Bill,2021-06-19
PUR-ORD-2023-00891,2021-06-03,To Receive and Bill,2021-07-03
PUR-ORD-2023-00890,2019-01-19,To Receive and Bill,2019-02-19
PUR-ORD-2023-00889,2019-01-11,To Receive and Bill,2019-02-11
PUR-ORD-2023-00888,2021-02-18,To Receive and Bill,2021-03-18
PUR-ORD-2023-00887,2021-05-14,To Receive and Bill,2021-06-14
PUR-ORD-2023-00886,2021-08-20,To Receive and Bill,2021-09-20
PUR-ORD-2023-00885,2021-09-21,To Receive and Bill,2021-10-21
PUR-ORD-2023-00884,2019-08-16,To Receive and Bill,2021-09-16
PUR-ORD-2023-00883,2021-11-25,To Receive and Bill,2021-12-25
PUR-ORD-2023-00882,2021-04-12,To Receive and Bill,2021-05-12
PUR-ORD-2023-00881,2020-08-05,To Receive and Bill,2020-09-05
PUR-ORD-2023-00880,2019-05-17,To Receive and Bill,2019-06-17
PUR-ORD-2023-00879,2019-07-02,To Receive and Bill,2019-08-02
PUR-ORD-2023-00878,2019-11-13,To Receive and Bill,2019-12-13
PUR-ORD-2023-00877,2019-02-03,To Receive and Bill,2019-03-03
PUR-ORD-2023-00876,2019-09-19,To Receive and Bill,2019-10-19
PUR-ORD-2023-00875,2019-01-02,To Receive and Bill,2019-02-02
PUR-ORD-2023-00874,2022-05-30,To Receive and Bill,2022-06-30
PUR-ORD-2023-00873,2022-04-13,To Receive and Bill,2022-05-13
PUR-ORD-2023-00872,2022-09-12,To Receive and Bill,2022-10-12
PUR-ORD-2023-00871,2022-06-10,To Receive and Bill,2022-07-10
PUR-ORD-2023-00870,2022-09-14,To Receive and Bill,2022-10-14
PUR-ORD-2023-00869,2022-04-07,To Receive and Bill,2022-05-07
PUR-ORD-2023-00868,2022-04-16,To Receive and Bill,2022-05-16
PUR-ORD-2023-00867,2022-08-07,To Receive and Bill,2022-09-07
PUR-ORD-2023-00866,2022-11-22,To Receive and Bill,2022-12-22
PUR-ORD-2023-00865,2022-09-29,To Receive and Bill,2022-10-29
PUR-ORD-2023-00864,2022-08-04,To Receive and Bill,2022-09-04
PUR-ORD-2023-00863,2022-08-17,To Receive and Bill,2022-09-17
PUR-ORD-2023-00862,2022-04-21,To Receive and Bill,2022-05-21
PUR-ORD-2023-00861,2022-06-06,To Receive and Bill,2022-07-06
PUR-ORD-2023-00860,2022-05-23,To Receive and Bill,2022-06-23
PUR-ORD-2023-00859,2022-06-23,To Receive and Bill,2022-07-23
PUR-ORD-2023-00858,2022-05-02,To Receive and Bill,2022-06-02
PUR-ORD-2023-00857,2022-04-03,To Receive and Bill,2022-05-04
PUR-ORD-2023-00856,2022-02-10,To Receive and Bill,2022-03-10
PUR-ORD-2023-00855,2022-01-04,To Receive and Bill,2022-02-04
PUR-ORD-2023-00854,2022-01-01,To Receive and Bill,2022-02-01
PUR-ORD-2023-00853,2022-04-19,To Receive and Bill,2022-05-17
PUR-ORD-2023-00852,2022-05-16,To Receive and Bill,2022-06-16
PUR-ORD-2023-00851,2021-04-27,To Receive and Bill,2021-05-27
PUR-ORD-2023-00850,2021-11-14,To Receive and Bill,2021-12-14
PUR-ORD-2023-00849,2021-11-23,To Receive and Bill,2021-12-23
PUR-ORD-2023-00848,2020-10-14,To Receive and Bill,2020-10-14
PUR-ORD-2023-00847,2020-08-24,To Receive and Bill,2020-09-24
PUR-ORD-2023-00846,2020-06-16,To Receive and Bill,2020-07-16
PUR-ORD-2023-00845,2020-05-14,To Receive and Bill,2020-06-14
PUR-ORD-2023-00844,2021-05-21,To Receive and Bill,2021-06-21
PUR-ORD-2023-00843,2021-04-05,To Receive and Bill,2021-05-05
PUR-ORD-2023-00842,2021-03-12,To Receive and Bill,2021-04-12
PUR-ORD-2023-00841,2021-02-08,To Receive and Bill,2021-03-08
PUR-ORD-2023-00840,2021-01-07,To Receive and Bill,2021-02-07
PUR-ORD-2023-00839,2021-11-10,To Receive and Bill,2021-12-10
PUR-ORD-2023-00838,2021-10-18,To Receive and Bill,2021-11-18
PUR-ORD-2023-00837,2021-08-20,To Receive and Bill,2021-09-20
PUR-ORD-2023-00836,2019-10-06,To Receive and Bill,2019-11-02
PUR-ORD-2023-00835,2021-10-13,To Receive and Bill,2021-11-13
PUR-ORD-2023-00834,2019-09-06,To Receive and Bill,2019-10-02
PUR-ORD-2023-00833,2019-08-06,To Receive and Bill,2019-09-02
PUR-ORD-2023-00832,2019-07-06,To Receive and Bill,2019-08-06
PUR-ORD-2023-00831,2021-09-06,To Receive and Bill,2021-10-06
PUR-ORD-2023-00830,2019-06-06,To Receive and Bill,2019-07-05
PUR-ORD-2023-00829,2019-05-06,To Receive and Bill,2019-06-05
PUR-ORD-2023-00828,2019-04-06,To Receive and Bill,2019-05-06
PUR-ORD-2023-00827,2021-08-11,To Receive and Bill,2021-09-11
PUR-ORD-2023-00826,2019-03-06,To Receive and Bill,2019-04-06
PUR-ORD-2023-00825,2019-02-06,To Receive and Bill,2019-03-06
PUR-ORD-2023-00824,2019-01-06,To Receive and Bill,2023-02-01
PUR-ORD-2023-00823,2021-09-19,To Receive and Bill,2021-10-19
PUR-ORD-2023-00822,2021-08-03,To Receive and Bill,2021-09-03
PUR-ORD-2023-00821,2021-06-04,To Receive and Bill,2021-07-04
PUR-ORD-2023-00820,2021-05-16,To Receive and Bill,2021-06-16
PUR-ORD-2023-00819,2021-04-17,To Receive and Bill,2021-05-17
PUR-ORD-2023-00818,2021-02-07,To Receive and Bill,2021-03-07
PUR-ORD-2023-00817,2021-01-04,To Receive and Bill,2021-02-04
PUR-ORD-2023-00816,2021-10-05,To Receive and Bill,2021-10-05
PUR-ORD-2023-00815,2021-08-11,To Receive and Bill,2021-09-11
PUR-ORD-2023-00814,2021-06-17,To Receive and Bill,2021-07-17
PUR-ORD-2023-00813,2021-05-17,To Receive and Bill,2021-06-17
PUR-ORD-2023-00812,2021-03-12,To Receive and Bill,2021-04-12
PUR-ORD-2023-00811,2021-02-03,To Receive and Bill,2021-03-03
PUR-ORD-2023-00810,2021-01-01,To Receive and Bill,2021-02-01
PUR-ORD-2023-00809,2020-08-11,To Receive and Bill,2020-09-11
PUR-ORD-2023-00808,2020-05-24,To Receive and Bill,2020-06-24
PUR-ORD-2023-00807,2020-02-12,To Receive and Bill,2020-03-12
PUR-ORD-2023-00806,2020-01-04,To Receive and Bill,2020-02-04
PUR-ORD-2023-00805,2020-11-24,To Receive and Bill,2020-12-24
PUR-ORD-2023-00804,2020-10-11,To Receive and Bill,2020-11-11
PUR-ORD-2023-00803,2020-09-21,To Receive and Bill,2020-10-21
PUR-ORD-2023-00802,2020-05-13,To Receive and Bill,2020-06-13
PUR-ORD-2023-00801,2020-02-19,To Receive and Bill,2020-03-19
PUR-ORD-2023-00800,2020-01-29,To Receive and Bill,2020-02-29
PUR-ORD-2023-00799,2020-01-07,To Receive and Bill,2020-02-07
PUR-ORD-2023-00798,2019-11-08,To Receive and Bill,2019-12-08
PUR-ORD-2023-00797,2019-10-02,To Receive and Bill,2019-11-02
PUR-ORD-2023-00796,2019-09-12,To Receive and Bill,2019-10-12
PUR-ORD-2023-00795,2019-08-05,To Receive and Bill,2019-09-05
PUR-ORD-2023-00794,2019-07-08,To Receive and Bill,2019-08-08
PUR-ORD-2023-00793,2019-06-18,To Receive and Bill,2019-07-18
PUR-ORD-2023-00792,2019-05-20,To Receive and Bill,2019-06-20
PUR-ORD-2023-00791,2019-05-12,To Receive and Bill,2019-06-12
PUR-ORD-2023-00790,2019-03-07,To Receive and Bill,2019-04-07
PUR-ORD-2023-00789,2019-02-04,To Receive and Bill,2019-03-04
PUR-ORD-2023-00788,2019-01-02,To Receive and Bill,2019-02-02
PUR-ORD-2023-00787,2022-11-24,Closed,2022-12-08
PUR-ORD-2023-00786,2020-07-05,To Receive and Bill,2020-08-10
PUR-ORD-2023-00785,2020-11-08,To Receive and Bill,2020-12-11
PUR-ORD-2023-00784,2019-08-23,To Receive and Bill,2019-09-14
PUR-ORD-2023-00783,2022-11-28,To Receive and Bill,2022-12-12
PUR-ORD-2023-00782,2019-02-05,To Receive and Bill,2019-02-20
PUR-ORD-2023-00781,2019-01-05,To Receive and Bill,2019-01-23
PUR-ORD-2023-00780,2022-11-25,To Receive and Bill,2022-12-09
PUR-ORD-2023-00779,2022-11-24,To Receive and Bill,2022-12-08
PUR-ORD-2023-00778,2022-11-22,To Receive and Bill,2022-12-06
PUR-ORD-2023-00777,2022-11-21,To Receive and Bill,2022-12-05
PUR-ORD-2023-00776,2022-11-17,To Receive and Bill,2022-12-01
PUR-ORD-2023-00775,2022-11-16,To Receive and Bill,2022-11-30
PUR-ORD-2023-00774,2022-11-14,To Receive and Bill,2022-11-28
PUR-ORD-2023-00773,2022-11-11,To Receive and Bill,2022-11-25
PUR-ORD-2023-00772,2022-11-09,To Receive and Bill,2022-11-23
PUR-ORD-2023-00771,2022-11-07,To Receive and Bill,2022-11-21
PUR-ORD-2023-00770,2022-11-04,To Receive and Bill,2022-11-18
PUR-ORD-2023-00769,2022-02-06,To Receive and Bill,2022-02-22
PUR-ORD-2023-00768,2022-01-09,To Receive and Bill,2022-01-24
PUR-ORD-2023-00767,2022-11-03,To Receive and Bill,2022-11-17
PUR-ORD-2023-00766,2022-05-09,To Receive and Bill,2022-05-27
PUR-ORD-2023-00765,2022-08-07,To Receive and Bill,2022-08-21
PUR-ORD-2023-00764,2022-07-10,To Receive and Bill,2022-07-22
PUR-ORD-2023-00763,2022-11-01,To Receive and Bill,2022-11-15
PUR-ORD-2023-00762,2022-01-09,To Receive and Bill,2022-01-23
PUR-ORD-2023-00761,2022-12-05,To Receive and Bill,2022-12-22
PUR-ORD-2023-00760,2022-10-31,To Receive and Bill,2022-11-14
PUR-ORD-2023-00759,2022-11-14,To Receive and Bill,2022-12-02
PUR-ORD-2023-00758,2022-09-12,To Receive and Bill,2022-10-07
PUR-ORD-2023-00757,2022-10-28,To Receive and Bill,2022-11-11
PUR-ORD-2023-00756,2022-10-27,To Receive and Bill,2022-11-10
PUR-ORD-2023-00755,2022-10-25,To Receive and Bill,2022-11-08
PUR-ORD-2023-00754,2022-10-21,To Receive and Bill,2022-11-04
PUR-ORD-2023-00753,2021-08-21,To Receive and Bill,2021-09-18
PUR-ORD-2023-00752,2022-10-19,To Receive and Bill,2022-11-02
PUR-ORD-2023-00751,2021-04-05,To Receive and Bill,2021-08-19
PUR-ORD-2023-00750,2022-10-17,To Receive and Bill,2022-10-31
PUR-ORD-2023-00749,2022-10-14,To Receive and Bill,2022-10-28
PUR-ORD-2023-00748,2022-10-13,To Receive and Bill,2022-10-27
PUR-ORD-2023-00747,2022-10-11,To Receive and Bill,2022-10-25
PUR-ORD-2023-00746,2021-11-08,To Receive and Bill,2021-11-25
PUR-ORD-2023-00745,2021-04-19,To Receive and Bill,2021-04-27
PUR-ORD-2023-00744,2021-09-12,To Receive and Bill,2021-09-28
PUR-ORD-2023-00743,2021-01-04,To Receive and Bill,2021-01-22
PUR-ORD-2023-00742,2022-07-07,To Receive and Bill,2022-10-25
PUR-ORD-2023-00741,2022-10-02,To Receive and Bill,2022-10-21
PUR-ORD-2023-00740,2022-11-07,To Receive and Bill,2022-11-23
PUR-ORD-2023-00739,2022-02-14,To Receive and Bill,2022-02-27
PUR-ORD-2023-00738,2022-10-10,Closed,2022-10-24
PUR-ORD-2023-00737,2022-04-09,To Receive and Bill,2022-04-20
PUR-ORD-2023-00736,2022-10-07,To Receive and Bill,2022-10-21
PUR-ORD-2023-00735,2022-05-02,To Receive and Bill,2022-06-15
PUR-ORD-2023-00734,2022-06-01,To Receive and Bill,2022-06-15
PUR-ORD-2023-00733,2022-10-05,To Receive and Bill,2022-10-19
PUR-ORD-2023-00732,2022-05-16,To Receive and Bill,2022-05-31
PUR-ORD-2023-00731,2022-10-04,To Receive and Bill,2022-10-18
PUR-ORD-2023-00730,2022-05-01,To Receive and Bill,2022-05-15
PUR-ORD-2023-00729,2022-10-03,To Receive and Bill,2022-10-17
PUR-ORD-2023-00728,2022-04-16,To Receive and Bill,2022-04-30
PUR-ORD-2023-00727,2022-09-30,To Receive and Bill,2022-10-14
PUR-ORD-2023-00726,2022-04-01,To Receive and Bill,2022-04-15
PUR-ORD-2023-00725,2022-03-01,To Receive and Bill,2022-03-15
PUR-ORD-2023-00724,2022-09-29,To Receive and Bill,2022-10-13
PUR-ORD-2023-00723,2022-09-27,To Receive and Bill,2022-10-11
PUR-ORD-2023-00722,2022-09-26,To Receive and Bill,2022-10-10
PUR-ORD-2023-00721,2022-09-23,To Receive and Bill,2022-10-07
PUR-ORD-2023-00720,2022-09-21,To Receive and Bill,2022-10-05
PUR-ORD-2023-00719,2021-03-12,To Receive and Bill,2021-03-31
PUR-ORD-2023-00718,2021-02-03,To Receive and Bill,2021-02-24
PUR-ORD-2023-00717,2022-09-20,To Receive and Bill,2022-10-04
PUR-ORD-2023-00716,2021-11-02,To Receive and Bill,2021-11-19
PUR-ORD-2023-00715,2021-11-01,To Receive and Bill,2021-11-17
PUR-ORD-2023-00714,2022-09-19,To Receive and Bill,2022-10-03
PUR-ORD-2023-00713,2021-09-15,To Receive and Bill,2021-09-30
PUR-ORD-2023-00712,2022-09-16,To Receive and Bill,2022-09-30
PUR-ORD-2023-00711,2022-09-14,To Receive and Bill,2022-09-28
PUR-ORD-2023-00710,2022-11-13,To Receive and Bill,2022-11-24
PUR-ORD-2023-00709,2022-09-13,To Receive and Bill,2022-09-27
PUR-ORD-2023-00708,2021-12-15,To Receive and Bill,2021-12-28
PUR-ORD-2023-00707,2022-09-09,To Receive and Bill,2022-09-23
PUR-ORD-2023-00706,2021-10-07,To Receive and Bill,2021-10-22
PUR-ORD-2023-00705,2022-09-07,To Receive and Bill,2022-09-21
PUR-ORD-2023-00704,2021-08-09,To Receive and Bill,2021-08-23
PUR-ORD-2023-00703,2022-01-21,To Receive and Bill,2022-01-31
PUR-ORD-2023-00702,2022-09-23,To Receive and Bill,2022-10-06
PUR-ORD-2023-00701,2021-12-10,To Receive and Bill,2021-12-22
PUR-ORD-2023-00700,2022-09-05,To Receive and Bill,2022-09-19
PUR-ORD-2023-00699,2022-02-20,To Receive and Bill,2022-03-02
PUR-ORD-2023-00698,2021-09-01,To Receive and Bill,2021-09-26
PUR-ORD-2023-00697,2022-09-02,To Receive and Bill,2022-09-16
PUR-ORD-2023-00696,2022-08-16,To Receive and Bill,2022-08-31
PUR-ORD-2023-00695,2021-05-17,To Receive and Bill,2021-06-01
PUR-ORD-2023-00694,2022-02-01,To Receive and Bill,2022-02-19
PUR-ORD-2023-00693,2021-12-22,To Receive and Bill,2021-12-31
PUR-ORD-2023-00692,2022-08-31,To Receive and Bill,2022-09-14
PUR-ORD-2023-00691,2022-09-16,To Receive and Bill,2022-09-30
PUR-ORD-2023-00690,2022-08-30,To Receive and Bill,2022-09-13
PUR-ORD-2023-00689,2022-01-13,To Receive and Bill,2022-01-28
PUR-ORD-2023-00688,2022-05-03,To Receive and Bill,2022-05-27
PUR-ORD-2023-00687,2022-08-29,To Receive and Bill,2022-09-12
PUR-ORD-2023-00686,2022-08-26,To Receive and Bill,2022-09-09
PUR-ORD-2023-00685,2019-01-08,To Receive and Bill,2019-01-25
PUR-ORD-2023-00684,2022-08-25,To Receive and Bill,2022-09-08
PUR-ORD-2023-00683,2020-10-18,To Receive and Bill,2022-10-28
PUR-ORD-2023-00682,2022-01-02,To Receive and Bill,2022-01-21
PUR-ORD-2023-00681,2022-02-02,To Receive and Bill,2022-02-18
PUR-ORD-2023-00680,2019-01-06,To Receive and Bill,2019-01-26
PUR-ORD-2023-00679,2019-07-15,To Receive and Bill,2019-08-07
PUR-ORD-2023-00678,2019-09-20,To Receive and Bill,2019-10-11
PUR-ORD-2023-00677,2020-07-05,To Receive and Bill,2020-07-24
PUR-ORD-2023-00676,2020-12-06,To Receive and Bill,2020-12-25
PUR-ORD-2023-00675,2021-08-06,To Receive and Bill,2021-08-11
PUR-ORD-2023-00674,2020-07-18,To Receive and Bill,2020-08-03
PUR-ORD-2023-00673,2021-05-21,To Receive and Bill,2021-05-26
PUR-ORD-2023-00672,2020-09-18,To Receive and Bill,2020-10-03
PUR-ORD-2023-00671,2021-02-14,To Receive and Bill,2021-02-27
PUR-ORD-2023-00670,2021-12-05,To Receive and Bill,2021-12-23
PUR-ORD-2023-00669,2021-11-02,To Receive and Bill,2021-11-17
PUR-ORD-2023-00668,2021-05-04,To Receive and Bill,2021-06-08
PUR-ORD-2023-00667,2020-01-09,To Receive and Bill,2020-01-25
PUR-ORD-2023-00666,2020-04-08,To Receive and Bill,2020-04-24
PUR-ORD-2023-00665,2021-07-28,To Receive and Bill,2021-07-31
PUR-ORD-2023-00664,2021-08-01,To Receive and Bill,2021-08-20
PUR-ORD-2023-00663,2021-11-02,To Receive and Bill,2021-12-05
PUR-ORD-2023-00662,2021-03-24,To Receive and Bill,2021-03-30
PUR-ORD-2023-00661,2021-01-08,To Receive and Bill,2021-02-19
PUR-ORD-2023-00660,2021-06-10,To Receive and Bill,2021-06-27
PUR-ORD-2023-00659,2021-09-10,To Receive and Bill,2021-09-25
PUR-ORD-2023-00658,2021-07-05,To Receive and Bill,2021-07-09
PUR-ORD-2023-00657,2021-06-03,To Receive and Bill,2021-06-25
PUR-ORD-2023-00656,2021-05-12,To Receive and Bill,2021-05-31
PUR-ORD-2023-00655,2021-01-08,To Receive and Bill,2021-01-25
PUR-ORD-2023-00654,2021-06-11,To Receive and Bill,2021-06-26
PUR-ORD-2023-00653,2021-04-03,To Receive and Bill,2021-04-26
PUR-ORD-2023-00652,2021-12-04,To Receive and Bill,2021-12-29
PUR-ORD-2023-00651,2021-01-16,To Receive and Bill,2023-01-27
PUR-ORD-2023-00650,2021-01-07,To Receive and Bill,2021-07-24
PUR-ORD-2023-00649,2021-01-28,To Receive and Bill,2021-02-03
PUR-ORD-2023-00648,2021-10-31,To Receive and Bill,2021-11-07
PUR-ORD-2023-00647,2021-06-30,To Receive and Bill,2021-07-17
PUR-ORD-2023-00646,2021-11-24,Closed,2021-11-30
PUR-ORD-2023-00645,2021-01-30,To Receive and Bill,2021-02-10
PUR-ORD-2023-00644,2021-04-23,To Receive and Bill,2021-05-08
PUR-ORD-2023-00643,2021-11-17,Closed,2021-12-10
PUR-ORD-2023-00642,2021-08-22,To Receive and Bill,2021-09-04
PUR-ORD-2023-00641,2021-02-14,To Receive and Bill,2021-03-10
PUR-ORD-2023-00640,2021-04-22,Closed,2021-05-05
PUR-ORD-2023-00639,2021-09-30,Closed,2021-10-08
PUR-ORD-2023-00638,2021-01-06,To Receive and Bill,2021-01-24
PUR-ORD-2023-00637,2021-11-08,Closed,2021-12-02
PUR-ORD-2023-00636,2021-03-10,To Receive and Bill,2021-03-27
PUR-ORD-2023-00635,2021-06-13,To Receive and Bill,2021-06-26
PUR-ORD-2023-00634,2021-05-21,Closed,2021-05-31
PUR-ORD-2023-00633,2021-01-12,To Receive and Bill,2021-01-31
PUR-ORD-2023-00632,2021-01-08,To Receive and Bill,2021-01-23
PUR-ORD-2023-00631,2021-05-14,To Receive and Bill,2021-05-29
PUR-ORD-2023-00630,2021-10-09,To Receive and Bill,2021-10-25
PUR-ORD-2023-00629,2021-09-19,To Receive and Bill,2021-09-29
PUR-ORD-2023-00628,2021-01-01,To Receive and Bill,2021-02-20
PUR-ORD-2023-00627,2021-02-07,To Receive and Bill,2021-02-26
PUR-ORD-2023-00626,2021-01-12,To Receive and Bill,2021-06-25
PUR-ORD-2023-00625,2021-06-17,To Receive and Bill,2021-06-26
PUR-ORD-2023-00624,2021-10-12,To Receive and Bill,2021-10-28
PUR-ORD-2023-00623,2021-11-16,To Receive and Bill,2021-11-30
PUR-ORD-2023-00622,2021-01-04,To Receive and Bill,2021-01-22
PUR-ORD-2023-00621,2021-07-22,To Receive and Bill,2021-08-11
PUR-ORD-2023-00620,2021-03-06,To Receive and Bill,2021-03-19
PUR-ORD-2023-00619,2022-08-23,Closed,2022-09-06
PUR-ORD-2023-00618,2021-08-18,To Receive and Bill,2021-08-27
PUR-ORD-2023-00617,2019-10-04,To Receive and Bill,2019-11-01
PUR-ORD-2023-00616,2022-08-22,To Receive and Bill,2022-09-05
PUR-ORD-2023-00615,2021-06-16,To Receive and Bill,2021-06-29
PUR-ORD-2023-00614,2021-09-18,To Receive and Bill,2021-09-24
PUR-ORD-2023-00613,2022-08-19,To Receive and Bill,2022-09-02
PUR-ORD-2023-00612,2022-08-17,To Receive and Bill,2022-08-31
PUR-ORD-2023-00611,2021-02-14,To Receive and Bill,2021-03-03
PUR-ORD-2023-00610,2022-08-15,To Receive and Bill,2022-08-29
PUR-ORD-2023-00609,2021-07-28,To Receive and Bill,2021-08-05
PUR-ORD-2023-00608,2021-12-01,To Receive and Bill,2021-12-18
PUR-ORD-2023-00607,2021-09-17,To Receive and Bill,2021-09-30
PUR-ORD-2023-00606,2021-05-05,To Receive and Bill,2021-05-28
PUR-ORD-2023-00605,2022-08-12,To Receive and Bill,2022-08-26
PUR-ORD-2023-00604,2021-01-03,To Receive and Bill,2021-01-23
PUR-ORD-2023-00603,2021-07-19,To Receive and Bill,2021-08-04
PUR-ORD-2023-00602,2022-08-11,To Receive and Bill,2022-08-25
PUR-ORD-2023-00601,2021-11-22,To Receive and Bill,2021-12-11
PUR-ORD-2023-00600,2021-05-16,To Receive and Bill,2021-05-28
PUR-ORD-2023-00599,2022-08-09,To Receive and Bill,2022-08-23
PUR-ORD-2023-00598,2021-06-28,To Receive and Bill,2021-07-03
PUR-ORD-2023-00597,2021-06-25,To Receive and Bill,2021-07-08
PUR-ORD-2023-00596,2021-09-12,To Receive and Bill,2021-09-28
PUR-ORD-2023-00595,2021-01-03,To Receive and Bill,2021-01-31
PUR-ORD-2023-00594,2021-11-24,To Receive and Bill,2021-12-11
PUR-ORD-2023-00593,2021-04-05,To Receive and Bill,2021-04-29
PUR-ORD-2023-00592,2021-12-17,To Receive and Bill,2021-12-31
PUR-ORD-2023-00591,2021-09-17,To Receive and Bill,2021-10-01
PUR-ORD-2023-00590,2021-08-06,To Receive and Bill,2021-08-28
PUR-ORD-2023-00589,2022-08-08,To Receive and Bill,2022-08-22
PUR-ORD-2023-00588,2021-04-05,To Receive and Bill,2021-04-23
PUR-ORD-2023-00587,2021-12-15,To Receive and Bill,2021-12-30
PUR-ORD-2023-00586,2021-06-12,To Receive and Bill,2021-06-19
PUR-ORD-2023-00585,2022-07-29,To Receive and Bill,2022-08-12
PUR-ORD-2023-00584,2021-09-17,To Receive and Bill,2021-09-28
PUR-ORD-2023-00583,2021-11-29,Closed,2021-12-04
PUR-ORD-2023-00582,2021-02-03,Closed,2021-02-23
PUR-ORD-2023-00581,2021-12-17,Closed,2021-12-30
PUR-ORD-2023-00580,2021-05-06,To Receive and Bill,2021-05-22
PUR-ORD-2023-00579,2021-06-26,Closed,2021-07-14
PUR-ORD-2023-00578,2022-07-28,To Receive and Bill,2022-08-11
PUR-ORD-2023-00577,2021-07-11,To Receive and Bill,2021-07-24
PUR-ORD-2023-00576,2021-07-06,Closed,2021-07-23
PUR-ORD-2023-00575,2021-12-23,Closed,2021-12-30
PUR-ORD-2023-00574,2021-10-10,To Receive and Bill,2021-10-25
PUR-ORD-2023-00573,2021-10-12,Closed,2021-10-29
PUR-ORD-2023-00572,2021-08-05,To Receive and Bill,2021-08-31
PUR-ORD-2023-00571,2022-07-26,To Receive and Bill,2022-08-09
PUR-ORD-2023-00570,2021-08-20,Closed,2021-08-31
PUR-ORD-2023-00569,2021-09-17,To Receive and Bill,2021-09-30
PUR-ORD-2023-00568,2021-03-24,Closed,2021-03-24
PUR-ORD-2023-00567,2021-06-12,To Receive and Bill,2021-06-28
PUR-ORD-2023-00566,2022-07-22,To Receive and Bill,2022-08-05
PUR-ORD-2023-00565,2021-01-11,To Receive and Bill,2021-06-24
PUR-ORD-2023-00564,2021-05-29,To Receive and Bill,2021-06-10
PUR-ORD-2023-00563,2022-07-21,To Receive and Bill,2022-08-04
PUR-ORD-2023-00562,2022-07-19,To Receive and Bill,2022-08-02
PUR-ORD-2023-00561,2021-03-24,To Receive and Bill,2021-04-08
PUR-ORD-2023-00560,2021-02-26,To Receive and Bill,2021-03-11
PUR-ORD-2023-00559,2022-07-18,To Receive and Bill,2022-08-01
PUR-ORD-2023-00558,2021-01-06,To Receive and Bill,2021-01-23
PUR-ORD-2023-00557,2021-02-07,To Receive and Bill,2021-02-26
PUR-ORD-2023-00556,2022-07-15,To Receive and Bill,2022-07-29
PUR-ORD-2023-00555,2021-01-10,To Receive and Bill,2021-01-23
PUR-ORD-2023-00554,2019-09-04,To Receive and Bill,2019-10-01
PUR-ORD-2023-00553,2021-01-04,To Receive and Bill,2021-03-26
PUR-ORD-2023-00552,2022-07-14,To Receive and Bill,2022-07-28
PUR-ORD-2023-00551,2021-02-20,To Receive and Bill,2021-03-02
PUR-ORD-2023-00550,2021-02-10,To Receive and Bill,2021-02-25
PUR-ORD-2023-00549,2019-08-04,To Receive and Bill,2019-08-08
PUR-ORD-2023-00548,2019-07-04,To Receive and Bill,2019-08-01
PUR-ORD-2023-00547,2021-02-01,To Receive and Bill,2021-02-13
PUR-ORD-2023-00546,2022-07-13,To Receive and Bill,2022-07-27
PUR-ORD-2023-00545,2021-01-13,To Receive and Bill,2021-01-13
PUR-ORD-2023-00544,2019-06-04,To Receive and Bill,2019-07-01
PUR-ORD-2023-00543,2019-05-04,To Receive and Bill,2019-06-01
PUR-ORD-2023-00542,2021-01-01,To Receive and Bill,2021-01-15
PUR-ORD-2023-00541,2022-07-11,To Receive and Bill,2022-07-25
PUR-ORD-2023-00540,2019-04-04,To Receive and Bill,2019-05-01
PUR-ORD-2023-00539,2020-05-08,To Receive and Bill,2020-05-25
PUR-ORD-2023-00538,2019-03-04,To Receive and Bill,2019-04-01
PUR-ORD-2023-00537,2019-02-04,To Receive and Bill,2019-03-01
PUR-ORD-2023-00536,2022-07-07,To Receive and Bill,2022-07-21
PUR-ORD-2023-00535,2019-01-04,To Receive and Bill,2019-02-01
PUR-ORD-2023-00534,2022-07-06,To Receive and Bill,2022-07-20
PUR-ORD-2023-00533,2019-11-21,To Receive and Bill,2019-12-01
PUR-ORD-2023-00532,2022-07-04,To Receive and Bill,2022-07-18
PUR-ORD-2023-00531,2019-10-16,To Receive and Bill,2019-11-01
PUR-ORD-2023-00530,2019-08-01,To Receive and Bill,2019-09-01
PUR-ORD-2023-00529,2019-07-23,To Receive and Bill,2019-08-01
PUR-ORD-2023-00528,2022-07-01,To Receive and Bill,2022-07-15
PUR-ORD-2023-00527,2019-06-19,To Receive and Bill,2019-07-01
PUR-ORD-2023-00526,2019-05-22,To Receive and Bill,2019-06-01
PUR-ORD-2023-00525,2022-06-30,To Receive and Bill,2022-07-14
PUR-ORD-2023-00524,2019-04-24,To Receive and Bill,2019-05-01
PUR-ORD-2023-00523,2019-03-20,To Receive and Bill,2019-04-01
PUR-ORD-2023-00522,2019-02-14,To Receive and Bill,2019-03-01
PUR-ORD-2023-00521,2022-06-29,To Receive and Bill,2022-07-13
PUR-ORD-2023-00520,2022-06-27,To Receive and Bill,2022-07-11
PUR-ORD-2023-00519,2019-01-09,To Receive and Bill,2019-02-01
PUR-ORD-2023-00518,2022-06-23,To Receive and Bill,2022-07-07
PUR-ORD-2023-00517,2022-06-22,To Receive and Bill,2022-07-06
PUR-ORD-2023-00516,2022-06-20,To Receive and Bill,2022-07-04
PUR-ORD-2023-00515,2022-06-17,To Receive and Bill,2022-07-01
PUR-ORD-2023-00514,2022-06-16,To Receive and Bill,2022-06-30
PUR-ORD-2023-00513,2022-06-15,To Receive and Bill,2022-06-29
PUR-ORD-2023-00512,2021-06-17,Closed,2021-07-27
PUR-ORD-2023-00511,2022-06-10,To Receive and Bill,2022-06-24
PUR-ORD-2023-00510,2021-04-20,Closed,2021-05-05
PUR-ORD-2023-00509,2022-06-09,To Receive and Bill,2022-06-23
PUR-ORD-2023-00508,2022-06-07,To Receive and Bill,2022-06-21
PUR-ORD-2023-00507,2021-11-05,Closed,2021-11-30
PUR-ORD-2023-00506,2022-06-06,To Receive and Bill,2022-06-20
PUR-ORD-2023-00505,2021-07-13,Closed,2021-07-31
PUR-ORD-2023-00504,2021-05-27,Closed,2021-06-02
PUR-ORD-2023-00503,2022-06-03,To Receive and Bill,2022-06-17
PUR-ORD-2023-00502,2021-01-19,To Receive,2021-02-02
PUR-ORD-2023-00501,2022-06-01,To Receive and Bill,2022-06-15
PUR-ORD-2023-00500,2022-05-31,To Receive and Bill,2022-06-14
PUR-ORD-2023-00499,2022-05-27,To Receive and Bill,2022-06-10
PUR-ORD-2023-00498,2022-05-26,To Receive and Bill,2022-06-09
PUR-ORD-2023-00497,2022-05-24,To Receive and Bill,2022-06-07
PUR-ORD-2023-00496,2022-05-20,To Receive and Bill,2022-06-03
PUR-ORD-2023-00495,2022-05-19,To Receive and Bill,2022-06-02
PUR-ORD-2023-00494,2022-05-18,To Receive and Bill,2022-06-01
PUR-ORD-2023-00493,2022-05-16,To Receive and Bill,2022-05-30
PUR-ORD-2023-00492,2022-05-13,To Receive and Bill,2022-05-27
PUR-ORD-2023-00491,2022-05-12,To Receive and Bill,2022-05-26
PUR-ORD-2023-00490,2022-05-11,To Receive and Bill,2022-05-25
PUR-ORD-2023-00489,2019-12-10,To Receive and Bill,2019-12-24
PUR-ORD-2023-00488,2019-11-21,To Receive and Bill,2019-12-01
PUR-ORD-2023-00487,2019-10-17,To Receive and Bill,2019-11-01
PUR-ORD-2023-00486,2019-09-03,To Receive and Bill,2019-10-01
PUR-ORD-2023-00485,2020-02-05,To Receive and Bill,2020-02-22
PUR-ORD-2023-00484,2020-01-09,To Receive and Bill,2020-01-18
PUR-ORD-2023-00483,2020-09-17,To Receive and Bill,2020-09-30
PUR-ORD-2023-00482,2020-09-02,To Receive and Bill,2020-09-16
PUR-ORD-2023-00481,2019-08-15,To Receive and Bill,2019-09-01
PUR-ORD-2023-00480,2020-04-06,To Receive and Bill,2020-04-22
PUR-ORD-2023-00479,2020-05-16,To Receive and Bill,2020-05-27
PUR-ORD-2023-00478,2020-08-12,To Receive and Bill,2020-08-28
PUR-ORD-2023-00477,2020-06-12,To Receive and Bill,2020-06-26
PUR-ORD-2023-00476,2020-01-07,To Receive and Bill,2020-01-25
PUR-ORD-2023-00475,2020-10-14,To Receive and Bill,2020-10-30
PUR-ORD-2023-00474,2020-12-15,To Receive and Bill,2020-12-29
PUR-ORD-2023-00473,2020-01-12,To Receive and Bill,2020-01-24
PUR-ORD-2023-00472,2020-09-30,To Receive and Bill,2020-10-10
PUR-ORD-2023-00471,2020-02-21,To Receive and Bill,2020-02-29
PUR-ORD-2023-00470,2020-01-01,To Receive and Bill,2020-01-17
PUR-ORD-2023-00469,2020-06-13,To Receive and Bill,2020-06-27
PUR-ORD-2023-00468,2020-05-12,To Receive and Bill,2020-05-22
PUR-ORD-2023-00467,2020-06-17,Draft,2020-06-25
PUR-ORD-2023-00466,2020-05-06,To Receive and Bill,2020-05-21
PUR-ORD-2023-00465,2020-03-07,To Receive and Bill,2020-03-20
PUR-ORD-2023-00464,2020-02-15,To Receive and Bill,2020-02-26
PUR-ORD-2023-00463,2020-01-06,To Receive and Bill,2020-01-23
PUR-ORD-2023-00462,2020-01-23,To Receive and Bill,2020-02-08
PUR-ORD-2023-00461,2021-01-20,To Receive and Bill,2021-02-02
PUR-ORD-2023-00460,2021-11-03,To Receive and Bill,2021-11-23
PUR-ORD-2023-00459,2020-11-25,To Receive and Bill,2020-12-03
PUR-ORD-2023-00458,2021-12-04,To Receive and Bill,2021-12-17
PUR-ORD-2023-00457,2021-11-24,To Receive and Bill,2021-11-30
PUR-ORD-2023-00456,2020-01-10,To Receive and Bill,2020-03-21
PUR-ORD-2023-00455,2021-02-03,Closed,2021-02-16
PUR-ORD-2023-00454,2021-11-26,Closed,2021-12-10
PUR-ORD-2023-00453,2021-04-30,Closed,2021-05-12
PUR-ORD-2023-00452,2021-09-22,Closed,2021-10-08
PUR-ORD-2023-00451,2021-09-27,Closed,2021-10-04
PUR-ORD-2023-00450,2021-03-17,Closed,2021-05-03
PUR-ORD-2023-00449,2020-03-07,To Receive and Bill,2020-03-21
PUR-ORD-2023-00448,2021-04-20,Closed,2021-05-06
PUR-ORD-2023-00447,2020-02-01,To Receive and Bill,2020-02-08
PUR-ORD-2023-00446,2020-01-22,To Receive and Bill,2020-01-31
PUR-ORD-2023-00445,2020-08-29,To Receive and Bill,2020-09-14
PUR-ORD-2023-00444,2020-04-05,To Receive and Bill,2020-04-24
PUR-ORD-2023-00443,2020-10-13,To Receive and Bill,2020-10-28
PUR-ORD-2023-00442,2020-08-22,To Receive and Bill,2020-08-31
PUR-ORD-2023-00441,2020-06-17,To Receive and Bill,2020-06-28
PUR-ORD-2023-00440,2020-01-26,To Receive and Bill,2020-02-05
PUR-ORD-2023-00439,2020-06-12,To Receive and Bill,2020-06-25
PUR-ORD-2023-00438,2021-06-01,Closed,2021-06-29
PUR-ORD-2023-00437,2020-09-25,To Receive and Bill,2020-10-12
PUR-ORD-2023-00436,2021-10-12,Closed,2021-11-30
PUR-ORD-2023-00435,2020-09-25,To Receive and Bill,2020-10-10
PUR-ORD-2023-00434,2021-12-03,Closed,2021-12-17
PUR-ORD-2023-00433,2021-08-13,Closed,2021-08-25
PUR-ORD-2023-00432,2020-04-06,To Receive and Bill,2020-04-24
PUR-ORD-2023-00431,2020-12-17,To Receive and Bill,2020-12-31
PUR-ORD-2023-00430,2020-10-28,To Receive and Bill,2020-11-06
PUR-ORD-2023-00429,2020-08-12,To Receive and Bill,2020-08-21
PUR-ORD-2023-00428,2020-07-02,To Receive and Bill,2020-07-15
PUR-ORD-2023-00427,2020-10-18,To Receive and Bill,2020-10-27
PUR-ORD-2023-00426,2020-11-18,To Receive and Bill,2020-11-30
PUR-ORD-2023-00425,2020-02-16,To Receive and Bill,2020-02-21
PUR-ORD-2023-00424,2020-09-08,To Receive and Bill,2020-09-18
PUR-ORD-2023-00423,2020-01-06,To Receive and Bill,2020-01-18
PUR-ORD-2023-00422,2020-12-10,To Receive and Bill,2020-12-30
PUR-ORD-2023-00421,2020-06-08,To Receive and Bill,2020-06-25
PUR-ORD-2023-00420,2020-05-22,To Receive and Bill,2020-05-31
PUR-ORD-2023-00419,2020-01-13,To Receive and Bill,2020-01-25
PUR-ORD-2023-00418,2020-03-23,To Receive and Bill,2020-04-09
PUR-ORD-2023-00417,2020-11-18,To Receive and Bill,2020-11-30
PUR-ORD-2023-00416,2019-06-11,To Receive and Bill,2019-07-01
PUR-ORD-2023-00415,2020-04-05,To Receive and Bill,2020-04-19
PUR-ORD-2023-00414,2020-07-10,To Receive and Bill,2020-07-29
PUR-ORD-2023-00413,2020-08-27,To Receive and Bill,2020-09-10
PUR-ORD-2023-00412,2020-01-29,To Receive and Bill,2020-02-14
PUR-ORD-2023-00411,2020-02-27,To Receive and Bill,2020-10-28
PUR-ORD-2023-00410,2020-08-24,To Receive and Bill,2020-09-10
PUR-ORD-2023-00409,2020-06-23,To Receive and Bill,2020-07-09
PUR-ORD-2023-00408,2020-05-25,To Receive and Bill,2020-06-11
PUR-ORD-2023-00407,2020-04-23,To Receive and Bill,2020-05-06
PUR-ORD-2023-00406,2020-12-12,To Receive and Bill,2020-12-31
PUR-ORD-2023-00405,2020-09-15,To Receive and Bill,2020-09-29
PUR-ORD-2023-00404,2019-04-17,To Receive and Bill,2019-05-01
PUR-ORD-2023-00403,2019-03-12,To Receive and Bill,2019-04-01
PUR-ORD-2023-00402,2019-01-16,To Receive and Bill,2019-02-01
PUR-ORD-2023-00401,2019-05-15,To Receive and Bill,2019-06-01
PUR-ORD-2023-00400,2019-11-20,To Receive and Bill,2019-12-01
PUR-ORD-2023-00399,2019-06-19,To Receive and Bill,2019-06-19
PUR-ORD-2023-00398,2019-09-11,To Receive and Bill,2019-09-11
PUR-ORD-2023-00397,2019-09-10,To Receive and Bill,2019-09-26
PUR-ORD-2023-00396,2019-05-16,To Receive and Bill,2019-05-16
PUR-ORD-2023-00395,2020-01-04,To Receive and Bill,2020-02-19
PUR-ORD-2023-00394,2022-05-09,To Receive and Bill,2022-05-23
PUR-ORD-2023-00393,2022-05-06,To Receive and Bill,2022-05-20
PUR-ORD-2023-00392,2022-05-04,To Receive and Bill,2022-05-18
PUR-ORD-2023-00391,2020-02-12,To Receive and Bill,2020-02-28
PUR-ORD-2023-00390,2022-05-03,To Receive and Bill,2022-05-17
PUR-ORD-2023-00389,2020-01-02,To Receive and Bill,2020-01-17
PUR-ORD-2023-00388,2022-04-29,To Receive and Bill,2022-05-13
PUR-ORD-2023-00387,2022-04-27,To Receive and Bill,2022-05-11
PUR-ORD-2023-00386,2022-04-25,To Receive and Bill,2022-05-09
PUR-ORD-2023-00385,2022-04-22,To Receive and Bill,2022-05-06
PUR-ORD-2023-00384,2022-04-20,To Receive and Bill,2022-05-04
PUR-ORD-2023-00383,2022-04-18,To Receive and Bill,2022-05-02
PUR-ORD-2023-00382,2022-04-14,To Receive and Bill,2022-04-28
PUR-ORD-2023-00381,2022-04-12,To Receive and Bill,2022-04-26
PUR-ORD-2023-00380,2022-04-08,To Receive and Bill,2022-04-22
PUR-ORD-2023-00379,2022-04-06,To Receive and Bill,2022-04-20
PUR-ORD-2023-00378,2022-04-04,To Receive and Bill,2022-04-18
PUR-ORD-2023-00377,2022-03-31,To Receive and Bill,2022-04-15
PUR-ORD-2023-00376,2022-03-30,To Receive and Bill,2022-04-13
PUR-ORD-2023-00375,2022-03-28,To Receive and Bill,2022-04-11
PUR-ORD-2023-00374,2022-03-25,To Receive and Bill,2022-04-08
PUR-ORD-2023-00373,2022-03-23,To Receive and Bill,2022-04-06
PUR-ORD-2023-00372,2022-03-22,To Receive and Bill,2022-04-05
PUR-ORD-2023-00371,2022-03-18,To Receive and Bill,2022-04-01
PUR-ORD-2023-00370,2022-03-15,To Receive and Bill,2022-03-30
PUR-ORD-2023-00369,2022-03-14,To Receive and Bill,2022-03-28
PUR-ORD-2023-00368,2022-03-11,To Receive and Bill,2022-03-25
PUR-ORD-2023-00367,2022-03-09,To Receive and Bill,2022-03-23
PUR-ORD-2023-00366,2022-03-07,To Receive and Bill,2022-03-21
PUR-ORD-2023-00365,2022-03-02,To Receive and Bill,2022-03-16
PUR-ORD-2023-00364,2022-03-01,To Receive and Bill,2022-03-15
PUR-ORD-2023-00363,2022-02-25,To Receive and Bill,2022-03-11
PUR-ORD-2023-00362,2022-02-23,To Receive and Bill,2022-03-09
PUR-ORD-2023-00361,2022-02-21,To Receive and Bill,2022-03-07
PUR-ORD-2023-00360,2022-02-17,To Receive and Bill,2022-03-03
PUR-ORD-2023-00359,2022-02-15,To Receive and Bill,2022-03-01
PUR-ORD-2023-00358,2022-02-11,To Receive and Bill,2022-02-25
PUR-ORD-2023-00357,2022-02-10,To Receive and Bill,2022-02-24
PUR-ORD-2023-00356,2022-02-09,To Receive and Bill,2022-02-23
PUR-ORD-2023-00355,2022-02-07,To Receive and Bill,2022-02-21
PUR-ORD-2023-00354,2022-02-04,To Receive and Bill,2022-02-18
PUR-ORD-2023-00353,2019-12-07,To Receive and Bill,2019-12-26
PUR-ORD-2023-00352,2019-01-12,To Receive and Bill,2019-01-24
PUR-ORD-2023-00351,2019-09-09,To Receive and Bill,2019-09-22
PUR-ORD-2023-00350,2019-10-04,To Receive and Bill,2019-10-25
PUR-ORD-2023-00349,2022-02-03,To Receive and Bill,2022-02-17
PUR-ORD-2023-00348,2022-01-31,To Receive and Bill,2022-02-14
PUR-ORD-2023-00347,2022-01-28,To Receive and Bill,2022-02-11
PUR-ORD-2023-00346,2022-01-25,To Receive and Bill,2022-02-08
PUR-ORD-2023-00345,2022-01-21,To Receive and Bill,2022-02-04
PUR-ORD-2023-00344,2022-01-19,To Receive and Bill,2022-02-02
PUR-ORD-2023-00343,2022-01-17,To Receive and Bill,2022-01-31
PUR-ORD-2023-00342,2022-01-13,To Receive and Bill,2022-01-27
PUR-ORD-2023-00341,2022-01-11,To Receive and Bill,2022-01-25
PUR-ORD-2023-00340,2022-01-06,To Receive and Bill,2022-01-27
PUR-ORD-2023-00339,2019-03-04,To Receive and Bill,2019-03-21
PUR-ORD-2023-00338,2019-09-08,To Receive and Bill,2019-09-25
PUR-ORD-2023-00337,2019-12-11,To Receive and Bill,2019-12-24
PUR-ORD-2023-00336,2019-03-07,To Receive and Bill,2019-03-21
PUR-ORD-2023-00335,2019-08-14,To Receive and Bill,2019-08-29
PUR-ORD-2023-00334,2019-01-01,To Receive and Bill,2019-01-19
PUR-ORD-2023-00333,2019-09-03,To Receive and Bill,2019-09-26
PUR-ORD-2023-00332,2021-01-21,Closed,2021-02-04
PUR-ORD-2023-00331,2021-02-26,Closed,2021-03-05
PUR-ORD-2023-00330,2019-08-08,To Receive and Bill,2019-08-19
PUR-ORD-2023-00329,2021-10-27,Closed,2021-11-03
PUR-ORD-2023-00328,2021-03-21,Closed,2021-04-01
PUR-ORD-2023-00327,2021-11-01,Closed,2021-11-10
PUR-ORD-2023-00326,2019-07-15,To Receive and Bill,2019-07-31
PUR-ORD-2023-00325,2021-11-24,Closed,2021-12-09
PUR-ORD-2023-00324,2019-06-11,To Receive and Bill,2019-06-29
PUR-ORD-2023-00323,2021-11-25,Closed,2021-11-30
PUR-ORD-2023-00322,2021-07-14,Closed,2021-08-27
PUR-ORD-2023-00321,2019-05-08,To Receive and Bill,2019-05-26
PUR-ORD-2023-00320,2019-04-01,To Receive and Bill,2019-04-19
PUR-ORD-2023-00319,2021-05-19,Closed,2021-05-28
PUR-ORD-2023-00318,2021-09-15,Closed,2021-10-01
PUR-ORD-2023-00317,2019-03-04,To Receive and Bill,2019-03-22
PUR-ORD-2023-00316,2019-02-05,To Receive and Bill,2019-02-22
PUR-ORD-2023-00315,2021-04-10,Closed,2021-04-23
PUR-ORD-2023-00314,2019-01-13,To Receive and Bill,2019-01-26
PUR-ORD-2023-00313,2021-02-25,Closed,2021-03-04
PUR-ORD-2023-00312,2019-04-19,To Receive and Bill,2019-12-30
PUR-ORD-2023-00311,2019-11-07,To Receive and Bill,2019-12-27
PUR-ORD-2023-00310,2019-09-10,To Receive and Bill,2019-09-28
PUR-ORD-2023-00309,2021-08-18,Closed,2021-08-31
PUR-ORD-2023-00308,2019-12-13,To Receive and Bill,2019-12-30
PUR-ORD-2023-00307,2019-12-03,To Receive and Bill,2019-12-20
PUR-ORD-2023-00306,2019-11-07,To Receive and Bill,2019-11-26
PUR-ORD-2023-00305,2021-07-19,Closed,2021-07-28
PUR-ORD-2023-00304,2020-11-18,Closed,2021-11-30
PUR-ORD-2023-00303,2021-01-20,Closed,2021-02-06
PUR-ORD-2023-00302,2021-05-11,Closed,2021-05-31
PUR-ORD-2023-00301,2019-11-05,To Receive and Bill,2019-11-22
PUR-ORD-2023-00300,2019-08-06,To Receive and Bill,2019-08-30
PUR-ORD-2023-00299,2019-09-12,To Receive and Bill,2019-09-30
PUR-ORD-2023-00298,2019-08-02,To Receive and Bill,2019-08-22
PUR-ORD-2023-00297,2019-05-06,To Receive and Bill,2019-10-25
PUR-ORD-2023-00296,2019-10-16,Closed,2019-10-31
PUR-ORD-2023-00295,2019-03-08,To Receive and Bill,2019-03-27
PUR-ORD-2023-00294,2022-01-03,Closed,2022-01-24
PUR-ORD-2023-00293,2019-06-12,To Receive and Bill,2019-06-30
PUR-ORD-2023-00292,2019-06-10,Closed,2019-06-29
PUR-ORD-2023-00291,2019-05-06,To Receive and Bill,2019-05-23
PUR-ORD-2023-00290,2019-04-01,To Receive and Bill,2019-04-19
PUR-ORD-2023-00289,2019-03-02,To Receive and Bill,2019-03-21
PUR-ORD-2023-00288,2021-07-22,Closed,2021-08-12
PUR-ORD-2023-00287,2021-05-03,Closed,2021-05-31
PUR-ORD-2023-00286,2021-12-08,Closed,2021-12-23
PUR-ORD-2023-00285,2021-09-17,Closed,2021-09-29
PUR-ORD-2023-00284,2021-04-12,Closed,2021-04-24
PUR-ORD-2023-00283,2021-01-13,Closed,2021-01-30
PUR-ORD-2023-00282,2021-02-25,Closed,2021-03-02
PUR-ORD-2023-00281,2021-08-03,Closed,2021-08-11
PUR-ORD-2023-00280,2021-03-17,Closed,2021-03-31
PUR-ORD-2023-00279,2019-05-15,To Receive and Bill,2019-05-15
PUR-ORD-2023-00278,2021-10-11,Closed,2021-11-01
PUR-ORD-2023-00277,2021-06-09,Closed,2021-06-24
PUR-ORD-2023-00276,2021-05-29,Closed,2021-06-07
PUR-ORD-2023-00275,2019-04-17,To Receive and Bill,2019-04-17
PUR-ORD-2023-00274,2019-09-11,To Receive and Bill,2019-09-11
PUR-ORD-2023-00273,2019-09-19,To Receive and Bill,2019-09-19
PUR-ORD-2023-00272,2019-02-17,To Receive and Bill,2019-02-17
PUR-ORD-2023-00271,2021-05-20,Closed,2021-06-05
PUR-ORD-2023-00270,2019-11-19,To Receive and Bill,2019-11-19
PUR-ORD-2023-00269,2019-06-11,To Receive and Bill,2019-06-11
PUR-ORD-2023-00268,2021-11-17,Closed,2021-12-01
PUR-ORD-2023-00267,2019-08-11,To Receive and Bill,2019-08-11
PUR-ORD-2023-00266,2021-07-20,Closed,2021-09-30
PUR-ORD-2023-00265,2021-06-16,Closed,2021-07-03
PUR-ORD-2023-00264,2021-01-25,Closed,2021-02-10
PUR-ORD-2023-00263,2021-11-23,Closed,2021-12-09
PUR-ORD-2023-00262,2021-02-08,Closed,2021-02-27
PUR-ORD-2023-00261,2021-10-11,Closed,2021-10-29
PUR-ORD-2023-00260,2021-07-27,Closed,2021-08-04
PUR-ORD-2023-00259,2021-08-11,Closed,2021-08-26
PUR-ORD-2023-00258,2021-03-09,Closed,2021-03-24
PUR-ORD-2023-00257,2019-08-10,To Receive and Bill,2019-08-10
PUR-ORD-2023-00256,2019-01-10,To Receive and Bill,2019-01-10
PUR-ORD-2023-00255,2021-07-05,Closed,2021-07-27
PUR-ORD-2023-00254,2021-10-04,Closed,2021-10-31
PUR-ORD-2023-00253,2021-06-16,Closed,2021-07-01
PUR-ORD-2023-00252,2021-04-19,Closed,2021-05-05
PUR-ORD-2023-00251,2021-05-05,Closed,2021-05-24
PUR-ORD-2023-00250,2019-08-15,To Receive and Bill,2019-08-15
PUR-ORD-2023-00249,2019-12-09,To Receive and Bill,2019-12-09
PUR-ORD-2023-00248,2019-08-22,To Receive and Bill,2019-08-22
PUR-ORD-2023-00247,2019-12-10,To Receive and Bill,2019-12-10
PUR-ORD-2023-00246,2019-10-14,To Receive and Bill,2019-10-14
PUR-ORD-2023-00245,2019-09-11,To Receive and Bill,2019-09-11
PUR-ORD-2023-00244,2019-08-02,To Receive and Bill,2019-08-02
PUR-ORD-2023-00243,2019-06-14,To Receive and Bill,2019-06-14
PUR-ORD-2023-00242,2019-04-08,To Receive and Bill,2019-04-08
PUR-ORD-2023-00241,2019-03-07,To Receive and Bill,2019-03-07
PUR-ORD-2023-00240,2019-02-13,To Receive and Bill,2019-02-13
PUR-ORD-2023-00239,2019-01-10,To Receive and Bill,2019-01-10
PUR-ORD-2023-00238,2019-12-05,To Receive and Bill,2019-12-05
PUR-ORD-2023-00237,2019-11-06,To Receive and Bill,2019-11-06
PUR-ORD-2023-00236,2019-11-05,To Receive and Bill,2019-11-05
PUR-ORD-2023-00235,2021-04-28,Closed,2021-05-01
PUR-ORD-2023-00234,2021-04-21,Closed,2021-05-07
PUR-ORD-2023-00233,2019-10-09,To Receive and Bill,2019-10-09
PUR-ORD-2023-00232,2021-06-02,Closed,2021-06-27
PUR-ORD-2023-00231,2019-09-10,To Receive and Bill,2019-09-10
PUR-ORD-2023-00230,2021-03-22,Closed,2021-03-31
PUR-ORD-2023-00229,2019-09-11,To Receive and Bill,2019-09-11
PUR-ORD-2023-00228,2021-02-15,Closed,2021-03-02
PUR-ORD-2023-00227,2021-01-15,Closed,2021-01-26
PUR-ORD-2023-00226,2021-01-19,Closed,2021-01-22
PUR-ORD-2023-00225,2021-06-09,Closed,2021-06-30
PUR-ORD-2023-00224,2021-03-24,Closed,2021-04-08
PUR-ORD-2023-00223,2021-08-11,Closed,2021-08-31
PUR-ORD-2023-00222,2021-02-22,Closed,2021-03-09
PUR-ORD-2023-00221,2019-08-06,To Receive and Bill,2019-08-06
PUR-ORD-2023-00220,2021-05-26,Closed,2021-06-02
PUR-ORD-2023-00219,2021-02-10,Closed,2021-03-01
PUR-ORD-2023-00218,2021-05-10,Closed,2021-05-19
PUR-ORD-2023-00217,2020-03-17,Closed,2021-04-02
PUR-ORD-2023-00216,2021-03-10,Closed,2021-03-15
PUR-ORD-2023-00215,2021-01-20,Closed,2021-02-05
PUR-ORD-2023-00214,2019-07-03,To Receive and Bill,2019-07-03
PUR-ORD-2023-00213,2019-06-07,To Receive and Bill,2019-06-07
PUR-ORD-2023-00212,2021-02-09,Closed,2021-02-28
PUR-ORD-2023-00211,2019-05-08,To Receive and Bill,2019-05-08
PUR-ORD-2023-00210,2021-02-09,Closed,2021-02-17
PUR-ORD-2023-00209,2021-01-29,Closed,2021-02-03
PUR-ORD-2023-00208,2021-01-11,Closed,2021-01-27
PUR-ORD-2023-00207,2019-04-04,To Receive and Bill,2019-04-04
PUR-ORD-2023-00206,2019-02-02,To Receive and Bill,2019-02-02
PUR-ORD-2023-00205,2021-01-06,Closed,2021-01-15
PUR-ORD-2023-00204,2019-02-03,Draft,2019-02-03
PUR-ORD-2023-00203,2019-01-03,To Receive and Bill,2019-01-03
PUR-ORD-2023-00202,2019-04-12,To Receive and Bill,2019-04-24
PUR-ORD-2023-00201,2019-01-09,To Receive and Bill,2019-01-09
PUR-ORD-2023-00200,2019-06-04,To Receive and Bill,2019-06-04
PUR-ORD-2023-00199,2019-02-08,To Receive and Bill,2019-02-13
PUR-ORD-2023-00198,2021-01-04,Closed,2021-01-07
PUR-ORD-2023-00197,2019-06-03,To Receive and Bill,2019-06-03
PUR-ORD-2023-00196,2019-10-02,To Receive and Bill,2019-10-02
PUR-ORD-2023-00195,2019-08-11,To Receive and Bill,2019-08-11
PUR-ORD-2023-00194,2021-01-04,Closed,2021-01-14
PUR-ORD-2023-00193,2020-12-29,Closed,2021-01-07
PUR-ORD-2023-00192,2020-03-10,Closed,2020-04-04
PUR-ORD-2023-00191,2019-04-02,To Receive and Bill,2019-04-02
PUR-ORD-2023-00190,2020-10-31,Closed,2020-11-07
PUR-ORD-2023-00189,2020-12-10,Closed,2020-12-23
PUR-ORD-2023-00188,2020-11-24,Closed,2020-12-13
PUR-ORD-2023-00187,2020-09-17,Closed,2020-09-23
PUR-ORD-2023-00186,2020-07-31,Closed,2020-08-01
PUR-ORD-2023-00185,2020-05-13,Closed,2020-06-03
PUR-ORD-2023-00184,2020-11-24,Closed,2020-12-10
PUR-ORD-2023-00183,2020-07-07,Closed,2020-07-23
PUR-ORD-2023-00182,2019-05-10,To Receive and Bill,2019-05-10
PUR-ORD-2023-00181,2020-10-31,Closed,2020-11-11
PUR-ORD-2023-00180,2020-11-13,Closed,2020-12-07
PUR-ORD-2023-00179,2020-12-03,Closed,2020-12-16
PUR-ORD-2023-00178,2020-08-08,Closed,2020-08-18
PUR-ORD-2023-00177,2019-12-11,To Receive and Bill,2019-12-11
PUR-ORD-2023-00176,2020-09-29,Closed,2020-10-08
PUR-ORD-2023-00175,2020-11-10,Closed,2020-11-19
PUR-ORD-2023-00174,2019-03-07,To Receive and Bill,2019-03-07
PUR-ORD-2023-00173,2019-01-04,To Receive and Bill,2019-01-04
PUR-ORD-2023-00172,2019-09-03,To Receive and Bill,2019-09-03
PUR-ORD-2023-00171,2019-03-02,To Receive and Bill,2019-03-02
PUR-ORD-2023-00170,2019-10-03,To Receive and Bill,2019-10-03
PUR-ORD-2023-00169,2019-04-04,To Receive and Bill,2019-04-04
PUR-ORD-2023-00168,2019-02-06,To Receive and Bill,2019-02-06
PUR-ORD-2023-00167,2019-07-02,To Receive and Bill,2019-07-02
PUR-ORD-2023-00166,2019-09-03,To Receive and Bill,2019-09-03
PUR-ORD-2023-00165,2019-08-14,To Receive and Bill,2019-08-14
PUR-ORD-2023-00164,2019-04-09,To Receive and Bill,2019-04-23
PUR-ORD-2023-00163,2019-01-01,To Receive and Bill,2019-01-23
PUR-ORD-2023-00162,2019-05-06,To Receive and Bill,2019-05-06
PUR-ORD-2023-00161,2019-09-05,To Receive and Bill,2019-05-22
PUR-ORD-2023-00160,2023-11-20,To Receive and Bill,2023-11-20
PUR-ORD-2023-00159,2020-12-28,Closed,2021-01-01
PUR-ORD-2023-00158,2020-11-09,Closed,2020-11-21
PUR-ORD-2023-00157,2020-10-12,Closed,2020-10-30
PUR-ORD-2023-00156,2020-11-17,Closed,2020-12-03
PUR-ORD-2023-00155,2020-10-23,Closed,2020-11-04
PUR-ORD-2023-00154,2020-06-01,Closed,2020-06-18
PUR-ORD-2023-00153,2020-08-31,Closed,2020-09-25
PUR-ORD-2023-00152,2020-04-15,Closed,2020-04-24
PUR-ORD-2023-00151,2020-06-22,Closed,2020-07-22
PUR-ORD-2023-00150,2020-10-20,Closed,2020-11-01
PUR-ORD-2023-00149,2020-08-07,Closed,2020-08-17
PUR-ORD-2023-00148,2020-12-01,Closed,2020-12-30
PUR-ORD-2023-00147,2020-09-04,Closed,2020-10-01
PUR-ORD-2023-00146,2020-09-30,Closed,2020-10-09
PUR-ORD-2023-00145,2020-11-10,Closed,2020-12-07
PUR-ORD-2023-00144,2020-10-12,Closed,2020-10-29
PUR-ORD-2023-00143,2020-11-17,Closed,2020-12-03
PUR-ORD-2023-00142,2020-09-26,Closed,2020-10-06
PUR-ORD-2023-00141,2020-05-28,Closed,2020-06-03
PUR-ORD-2023-00140,2020-12-12,Closed,2020-12-31
PUR-ORD-2023-00139,2020-07-30,Closed,2020-08-12
PUR-ORD-2023-00138,2020-08-21,Closed,2020-09-07
PUR-ORD-2023-00137,2020-12-10,Closed,2020-12-29
PUR-ORD-2023-00136,2020-11-30,Closed,2020-12-03
PUR-ORD-2023-00135,2020-05-08,Closed,2020-05-29
PUR-ORD-2023-00134,2020-07-16,Closed,2020-08-01
PUR-ORD-2023-00133,2020-10-20,Closed,2020-11-13
PUR-ORD-2023-00132,2020-08-31,Closed,2020-09-22
PUR-ORD-2023-00131,2020-09-25,Closed,2020-10-07
PUR-ORD-2023-00130,2020-08-24,Closed,2020-09-04
PUR-ORD-2023-00129,2020-09-27,Closed,2020-10-03
PUR-ORD-2023-00128,2020-11-10,Closed,2020-11-20
PUR-ORD-2023-00127,2020-09-16,Closed,2020-09-29
PUR-ORD-2023-00126,2020-07-23,Closed,2020-07-31
PUR-ORD-2023-00125,2020-08-15,Closed,2020-08-31
PUR-ORD-2023-00124,2020-08-29,Closed,2020-09-10
PUR-ORD-2023-00123,2020-12-09,Closed,2020-12-24
PUR-ORD-2023-00122,2020-05-18,Closed,2020-06-29
PUR-ORD-2023-00121,2020-09-08,Closed,2020-10-02
PUR-ORD-2023-00120,2020-12-02,Closed,2020-12-16
PUR-ORD-2023-00119,2020-10-19,Closed,2020-10-30
PUR-ORD-2023-00118,2020-09-25,Closed,2020-10-14
PUR-ORD-2023-00117,2020-11-06,Closed,2020-12-11
PUR-ORD-2023-00116,2020-10-30,Closed,2020-12-01
PUR-ORD-2023-00115,2020-04-13,Closed,2020-04-25
PUR-ORD-2023-00114,2020-11-25,Closed,2020-11-30
PUR-ORD-2023-00113,2020-06-27,Closed,2020-07-03
PUR-ORD-2023-00112,2020-04-21,Closed,2020-05-13
PUR-ORD-2023-00111,2020-08-12,Closed,2020-08-31
PUR-ORD-2023-00110,2020-07-13,Closed,2020-07-30
PUR-ORD-2023-00109,2020-04-15,Closed,2020-04-22
PUR-ORD-2023-00108,2020-06-15,Closed,2020-06-30
PUR-ORD-2023-00107,2020-05-21,Closed,2020-05-31
PUR-ORD-2023-00106,2020-06-12,Closed,2020-06-23
PUR-ORD-2023-00105,2020-10-20,Closed,2020-10-27
PUR-ORD-2023-00104,2020-11-02,Closed,2020-11-10
PUR-ORD-2023-00103,2020-10-27,Closed,2020-10-31
PUR-ORD-2023-00102,2020-07-09,Closed,2020-07-23
PUR-ORD-2023-00101,2020-10-14,Closed,2020-10-22
PUR-ORD-2023-00100,2020-08-31,Closed,2020-09-17
PUR-ORD-2023-00099,2020-08-27,Closed,2020-08-31
PUR-ORD-2023-00098,2020-09-14,Closed,2020-10-02
PUR-ORD-2023-00097,2020-07-09,Closed,2020-07-15
PUR-ORD-2023-00096,2020-07-10,Closed,2020-07-16
PUR-ORD-2023-00095,2020-05-21,Closed,2020-06-02
PUR-ORD-2023-00094,2020-09-02,Closed,2020-09-17
PUR-ORD-2023-00093,2020-08-12,Closed,2020-08-27
PUR-ORD-2023-00092,2020-07-27,Closed,2020-08-01
PUR-ORD-2023-00091,2020-08-18,Closed,2020-09-01
PUR-ORD-2023-00090,2020-07-13,Closed,2020-07-31
PUR-ORD-2023-00089,2020-09-09,Closed,2020-09-30
PUR-ORD-2023-00088,2020-05-27,Closed,2020-06-05
PUR-ORD-2023-00087,2020-09-08,Closed,2020-09-30
PUR-ORD-2023-00086,2020-08-18,Closed,2020-08-28
PUR-ORD-2023-00085,2020-05-30,Closed,2020-06-05
PUR-ORD-2023-00084,2020-05-04,Closed,2020-06-23
PUR-ORD-2023-00083,2020-06-10,Closed,2020-06-25
PUR-ORD-2023-00082,2020-04-19,Closed,2020-04-30
PUR-ORD-2023-00081,2020-05-19,Closed,2020-05-31
PUR-ORD-2023-00080,2020-05-21,Closed,2020-06-03
PUR-ORD-2023-00079,2020-04-03,Closed,2020-04-23
PUR-ORD-2023-00078,2020-05-08,Closed,2020-05-30
PUR-ORD-2023-00077,2020-08-25,Closed,2020-09-03
PUR-ORD-2023-00076,2020-08-12,Closed,2020-08-26
PUR-ORD-2023-00075,2020-05-27,Closed,2020-05-31
PUR-ORD-2023-00074,2020-03-21,Closed,2020-03-31
PUR-ORD-2023-00073,2020-04-25,Closed,2020-05-06
PUR-ORD-2023-00072,2020-04-22,Closed,2020-05-02
PUR-ORD-2023-00071,2020-04-14,Closed,2020-05-01
PUR-ORD-2023-00070,2020-04-20,Closed,2020-04-29
PUR-ORD-2023-00069,2020-05-04,Closed,2020-05-22
PUR-ORD-2023-00068,2020-05-13,Closed,2020-05-28
PUR-ORD-2023-00067,2020-06-11,Closed,2020-07-01
PUR-ORD-2023-00066,2020-03-02,Closed,2020-03-18
PUR-ORD-2023-00065,2020-02-17,Closed,2020-03-13
PUR-ORD-2023-00064,2020-03-12,Closed,2020-03-21
PUR-ORD-2023-00063,2020-02-22,Closed,2020-03-04
PUR-ORD-2023-00062,2020-03-20,Closed,2020-04-03
PUR-ORD-2023-00061,2019-08-04,To Receive and Bill,2019-09-28
PUR-ORD-2023-00060,2020-03-08,Closed,2020-03-31
PUR-ORD-2023-00059,2019-06-14,To Receive and Bill,2019-07-27
PUR-ORD-2023-00058,2019-09-19,To Receive and Bill,2019-10-30
PUR-ORD-2023-00057,2019-04-03,To Receive and Bill,2019-05-10
PUR-ORD-2023-00056,2019-01-11,To Receive and Bill,2019-02-16
PUR-ORD-2023-00055,2019-06-05,To Receive and Bill,2019-07-19
PUR-ORD-2023-00054,2019-04-02,To Receive and Bill,2019-05-20
PUR-ORD-2023-00053,2019-04-02,To Receive and Bill,2019-04-11
PUR-ORD-2023-00052,2019-03-21,To Receive and Bill,2019-04-04
PUR-ORD-2023-00051,2019-03-11,To Receive and Bill,2019-03-22
PUR-ORD-2023-00050,2020-03-22,Closed,2020-04-03
PUR-ORD-2023-00049,2019-02-21,To Receive and Bill,2019-03-05
PUR-ORD-2023-00048,2020-03-06,Closed,2020-03-19
PUR-ORD-2023-00047,2019-02-06,To Receive and Bill,2019-02-21
PUR-ORD-2023-00046,2019-01-24,To Receive and Bill,2019-02-08
PUR-ORD-2023-00044,2020-02-19,Closed,2020-03-05
PUR-ORD-2023-00043,2020-02-10,Closed,2020-02-14
PUR-ORD-2023-00042,2020-03-03,Closed,2020-03-11
PUR-ORD-2023-00041,2020-02-24,Closed,2020-02-29
PUR-ORD-2023-00040,2020-02-05,Closed,2020-03-27
PUR-ORD-2023-00039,2020-02-26,Closed,2020-03-10
PUR-ORD-2023-00038,2020-02-20,Closed,2020-03-05
PUR-ORD-2023-00037,2020-02-21,Closed,2020-02-27
PUR-ORD-2023-00036,2020-02-05,Closed,2020-02-29
PUR-ORD-2023-00035,2020-01-23,Closed,2020-02-02
PUR-ORD-2023-00034,2020-02-18,Closed,2020-03-19
PUR-ORD-2023-00033,2020-02-17,Closed,2020-03-02
PUR-ORD-2023-00032,2020-02-10,Closed,2020-02-24
PUR-ORD-2023-00031,2020-02-01,Closed,2020-02-05
PUR-ORD-2023-00030,2020-02-10,Closed,2020-02-28
PUR-ORD-2023-00029,2020-02-04,Closed,2020-02-07
PUR-ORD-2023-00028,2020-02-04,Closed,2020-03-05
PUR-ORD-2023-00027,2020-02-17,Closed,2020-03-03
PUR-ORD-2023-00026,2020-02-03,Closed,2020-02-21
PUR-ORD-2023-00025,2020-02-11,Closed,2020-02-18
PUR-ORD-2023-00024,2020-01-06,Closed,2020-02-12
PUR-ORD-2023-00023,2020-01-29,Closed,2020-02-23
PUR-ORD-2023-00022,2020-01-30,Closed,2020-02-27
PUR-ORD-2023-00021,2020-01-27,Closed,2020-02-25
PUR-ORD-2023-00020,2020-01-22,Closed,2020-02-11
PUR-ORD-2023-00019,2020-01-17,Closed,2020-02-14
PUR-ORD-2023-00018,2020-01-03,Closed,2020-01-29
PUR-ORD-2023-00017,2020-01-15,Closed,2020-01-27
PUR-ORD-2023-00016,2020-01-16,Closed,2020-01-31
PUR-ORD-2023-00015,2020-01-25,Closed,2020-02-01
PUR-ORD-2023-00014,2020-01-17,Closed,2020-01-27
PUR-ORD-2023-00013,2020-01-15,Closed,2020-01-22
PUR-ORD-2023-00012,2020-01-07,Closed,2020-01-24
PUR-ORD-2023-00011,2020-01-03,Closed,2020-01-09
